"id","login","senha","nome","cpf","nascimento"
2,"carlos","7b85175b455060e3237e925f023053ca9515e8682a83c8b09911c724a1f8b75f","Carlos Branganca","12345685600","1970-01-24"
3,"silverio","1702587effc30092a771122c58e60b5c55f825103d37326c545cb747964f8cbd","Silverio dos Reis","35796165746","1960-07-04"
4,"ana","24d4b96f58da6d4a8512313bbd02a28ebf0ca95dec6e4c86ef78ce7f01e788ac","Ana Beatriz","85236578904","1975-03-01"
5,"mel","03cdf3e00e74fb35b47208a6ea70a93f71aee892e0dceb0b273fa5c07b47f91c","Mel Lisboa","98752046505","1980-11-14"
6,"charles","10fe82adb964fa73c3c60be251181c421193f56ae01ba671974d82365a08a410","Charles Parrot","19725846578","1972-02-22"
7,"paris","1670f2e42fefa5044d59a65349e47c566009488fc57d7b4376dd5787b59e3c57","Paris Hilton","56847616871","1990-10-11"
8,"steve","f148389d080cfe85952998a8a367e2f7eaf35f2d72d2599a5b0412fe4094d65c","Steve Jobs","71691546710","1958-08-30"
9,"kelly","4ca6f6d5a544bf57c323657ad33aae1a019c775518cf4414beedb86962aea7c1","Kelly Braziliense","86481065774","1958-05-20"
10,"paolla","3676ab570d76665c1039094652ec0eb6fc36f58de3cb55d40c1c1cc66af3ddea","Paolla Oliveira","36416489120","1982-04-14"
11,"sabrina","c49b876c05fd376922883ceaf5b7e7871ae4ae9f24e79958f3fc70efe114627d","Sabrina Sato","04513796839","1981-02-04"
